נאמען|גרויס|דורך|געשאפן|לעצט געטוישט
באַניצער:תנא קמא/דרעפט:פיתום און רעמסס|221|תנא קמא|2023-01-25T03:13:37Z|2023-05-22T12:40:20Z
באַניצער:תנא קמא/דרעפט:קראכמאל (נאמען)|290|תנא קמא|2023-01-25T05:16:40Z|2023-05-22T12:40:20Z
באַניצער:תנא קמא/דרעפט:רבי שמשון בן צדוק|812|תנא קמא|2022-12-04T01:21:30Z|2023-05-22T12:40:20Z
באַניצער:תנא קמא/דרעפט:אדאלפאו קאמינסקי|872|תנא קמא|2023-01-31T02:58:55Z|2023-05-22T13:00:01Z
דרעפט:שרה שענירער|978|אני מאמין|2023-03-28T01:34:30Z|2023-05-22T12:40:20Z
באַניצער:תנא קמא/דרעפט:שיק|1006|תנא קמא|2023-01-24T02:13:30Z|2023-05-22T13:00:01Z
דרעפט:רבי מנחם מענדל קראכמאל|1301|תנא קמא|2023-01-25T05:18:32Z|2023-05-22T12:40:20Z
באַניצער:תנא קמא/שויתי ה' לנגדי תמיד|1623|תנא קמא|2023-04-16T21:38:30Z|2023-05-22T12:40:20Z
באַניצער:שמש מרפא/דרעפט|1849|שמש מרפא|2023-01-29T13:15:59Z|2023-05-22T13:00:01Z
דרעפט:קהלת|2325|YI>פוילישער|2016-06-14T13:48:48Z|2023-05-22T12:40:20Z
דרעפט:חוה|3136|עברי אנכי|2022-11-24T16:25:13Z|2023-05-22T12:40:20Z
דרעפט:רבי משה שיק|3479|תנא קמא|2023-01-24T02:14:43Z|2023-05-22T12:40:20Z
באַניצער:כלפעדיע/קאונטי (פאראייניגטע שטאַטן)|3625|כלפעדיע|2023-01-20T01:51:41Z|2023-05-22T13:00:01Z
דרעפט:יונתן שווארץ|4280|תנא קמא|2023-03-22T13:01:35Z|2023-05-22T12:40:20Z
דרעפט:ספר שמות|5049|צמא לדעת|2023-02-01T18:11:45Z|2023-05-24T09:10:45Z
באַניצער:נאר איך/סידור הרב - בעל התניא|5844|נאר איך|2023-03-26T10:01:13Z|2023-05-29T12:03:34Z
באַניצער:תנא קמא/צייטונג|6964|תנא קמא|2023-02-15T02:28:49Z|2023-05-22T12:40:20Z
באַניצער:האט'ס אמונה/אלעזר הכהן|8022|האט'ס אמונה|2023-03-03T08:56:42Z|2023-05-24T09:10:45Z
באַניצער:האט'ס אמונה/רבי מאיר יוסף רובין|8146|האט'ס אמונה|2023-05-17T10:27:04Z|2023-05-29T15:27:11Z
דרעפט:קרי און כתיב|9142|גרשון|2022-12-04T21:07:28Z|2023-05-22T12:40:20Z
דרעפט:פרשת וארא|10049|תנא קמא|2023-01-15T01:30:12Z|2023-05-22T12:40:20Z
דרעפט:אדיר הוא|10307|תנא קמא|2023-03-26T08:52:00Z|2023-05-22T12:40:20Z
דרעפט:פרשת בא|10751|תנא קמא|2023-01-22T10:12:13Z|2023-05-22T12:40:20Z
דרעפט:רבי סנדר אורי|11470|תנא קמא|2023-01-01T21:09:31Z|2023-05-22T12:40:20Z
דרעפט:פרשת משפטים|11634|האט'ס אמונה|2023-02-16T14:33:03Z|2023-05-22T12:40:20Z
דרעפט:קאפל|12230|תנא קמא|2022-12-04T00:06:01Z|2023-05-22T19:16:11Z
דרעפט:רבי אברהם יהושע העשיל (אפטא)|14024|האט'ס אמונה|2023-04-13T15:13:07Z|2023-05-24T09:10:45Z
דרעפט:פרשת שמות|14659|תנא קמא|2023-01-08T21:59:19Z|2023-05-24T16:16:50Z
דרעפט:משה מארגארעטן|15869|תנא קמא|2023-05-14T04:11:49Z|2023-05-30T08:26:48Z
דרעפט:פנחס גאלדשמידט|15967|תנא קמא|2023-05-09T02:13:35Z|2023-05-24T09:10:45Z
באַניצער:שווערמער/ארטיקלען/דריווש המדי|16849|שווערמער|2022-12-27T19:04:54Z|2023-05-22T12:58:03Z
דרעפט:אחשוורוש|17142|שווערמער|2023-03-02T18:59:38Z|2023-05-25T09:30:03Z
דרעפט:דער איד|18428|תנא קמא|2023-04-21T03:53:08Z|2023-05-30T04:50:04Z
"דרעפט:תשב""ץ קטן"|20534|תנא קמא|2023-05-09T00:28:09Z|2023-05-24T09:10:45Z
באַניצער:שווערמער/ארטיקלען/תקופת שמואל|22827|שווערמער|2023-01-16T19:03:54Z|2023-05-22T13:00:01Z
דרעפט:מגילת אסתר|24630|תנא קמא|2023-01-26T21:14:18Z|2023-05-25T09:30:03Z
דרעפט:הר סיני|34727|האט'ס אמונה|2023-05-07T13:46:37Z|2023-05-28T18:01:23Z
דרעפט:רוסישע רעוואלוציע|57810|עברי אנכי|2023-02-12T06:00:12Z|2023-05-24T09:10:45Z
דרעפט:נעגל וואסער|61639|תנא קמא|2023-04-26T05:05:07Z|2023-05-22T12:40:20Z
